{"aeroplane": [0.6496532559394836, 0.7152135372161865, 0.7494990229606628, 0.7310494780540466, 0.7727775573730469, 0.7718693614006042, 0.7560492753982544, 0.7625871300697327, 0.7790706753730774, 0.7279701042175293], "bicycle": [0.7019211649894714, 0.7553212642669678, 0.7993237972259521, 0.7580258250236511, 0.8084694743156433, 0.8245997428894043, 0.8076302409172058, 0.8090642094612122, 0.8280848264694214, 0.8298078083992004], "bird": [0.5768976807594299, 0.615134060382843, 0.6656676530838013, 0.6809249520301819, 0.69282466173172, 0.7095853686332703, 0.6755657196044922, 0.689233660697937, 0.7234118580818176, 0.6726652383804321], "boat": [0.464299738407135, 0.608656644821167, 0.5663636326789856, 0.638599157333374, 0.6302293539047241, 0.6576245427131653, 0.6299126744270325, 0.6402734518051147, 0.680914044380188, 0.6818820834159851], "bottle": [0.2551071345806122, 0.3057680130004883, 0.33475831151008606, 0.325298935174942, 0.3216892182826996, 0.38206687569618225, 0.3769458830356598, 0.3982889950275421, 0.41826847195625305, 0.3776552975177765], "bus": [0.6766629219055176, 0.7814568877220154, 0.7633592486381531, 0.8009042143821716, 0.8168566823005676, 0.8264157772064209, 0.8251788020133972, 0.8229725956916809, 0.830384373664856, 0.8215528130531311], "car": [0.7638587951660156, 0.7893869280815125, 0.8031388521194458, 0.8137597441673279, 0.8218205571174622, 0.830459475517273, 0.8227046728134155, 0.830604076385498, 0.8347655534744263, 0.8286677598953247], "cat": [0.7916958928108215, 0.8183333873748779, 0.8669141530990601, 0.8305228352546692, 0.8512004017829895, 0.8612657189369202, 0.8486575484275818, 0.8284114599227905, 0.8528075814247131, 0.8391894698143005], "chair": [0.23774178326129913, 0.4126066565513611, 0.4511203467845917, 0.4822334051132202, 0.48061710596084595, 0.5139269828796387, 0.4871690273284912, 0.5228777527809143, 0.5489522814750671, 0.5034201741218567], "cow": [0.5920143127441406, 0.7301003336906433, 0.7287202477455139, 0.7277358770370483, 0.7302402257919312, 0.7789275646209717, 0.7219190001487732, 0.7696792483329773, 0.780631959438324, 0.788856029510498], "diningtable": [0.5319448113441467, 0.6024321913719177, 0.6420255899429321, 0.6650204658508301, 0.6865231990814209, 0.7090434432029724, 0.699398934841156, 0.6933854222297668, 0.709972083568573, 0.7181460762023926], "dog": [0.7783699035644531, 0.7756145000457764, 0.7998154759407043, 0.8058175444602966, 0.8011685609817505, 0.8182650804519653, 0.8151779174804688, 0.7964217066764832, 0.8193709254264832, 0.8174205422401428], "horse": [0.7246517539024353, 0.8022010326385498, 0.8240247368812561, 0.8253166079521179, 0.8500791192054749, 0.8439759016036987, 0.8532447814941406, 0.8461787700653076, 0.8569852113723755, 0.8678408861160278], "motorbike": [0.6695089936256409, 0.7594797015190125, 0.794017493724823, 0.7808831930160522, 0.7800548076629639, 0.8038756251335144, 0.7908473014831543, 0.8143475651741028, 0.8023173809051514, 0.8246384358406067], "person": [0.651885986328125, 0.7000282406806946, 0.7228879928588867, 0.7253157496452332, 0.7183382511138916, 0.7426815032958984, 0.7266528606414795, 0.7441916465759277, 0.7523503303527832, 0.7474652528762817], "pottedplant": [0.2885900139808655, 0.3325592577457428, 0.265829861164093, 0.37722328305244446, 0.3600989878177643, 0.42292171716690063, 0.4235081374645233, 0.3623712360858917, 0.447439044713974, 0.4396638774871826], "sheep": [0.6273584365844727, 0.6540818214416504, 0.6961051225662231, 0.6536700129508972, 0.7111159563064575, 0.7045605182647705, 0.6997015476226807, 0.7265068292617798, 0.7393423914909363, 0.7364322543144226], "sofa": [0.606535017490387, 0.6862319707870483, 0.7604680061340332, 0.737894594669342, 0.7214180827140808, 0.7260344624519348, 0.6813222765922546, 0.752612829208374, 0.7723808288574219, 0.7555493712425232], "train": [0.7143230438232422, 0.7608761787414551, 0.7781639099121094, 0.8194857835769653, 0.8112486004829407, 0.8320066332817078, 0.8159121870994568, 0.7926304936408997, 0.8327007293701172, 0.8233525848388672], "tvmonitor": [0.6154029965400696, 0.667281448841095, 0.679215133190155, 0.7250175476074219, 0.7166873812675476, 0.7089409828186035, 0.6550536155700684, 0.7211949229240417, 0.7318581938743591, 0.7307532024383545]}